config,leg,wall_median_s,wall_min_s,wall_max_s,wall_stdev_s,reps,solutions,expected,outcome,exit_code
ref,65536,0.019,0.019,0.019,0.000,5,2357,2357,OK,0
ref,131072,0.088,0.086,0.089,0.001,5,4776,4776,OK,0
ref,196608,0.202,0.200,0.206,0.002,5,6922,6922,OK,0
ref,262144,0.419,0.404,0.432,0.010,5,9163,9163,OK,0
ref,327680,0.726,0.710,0.755,0.016,5,11395,11395,OK,0
ref,393216,1.109,1.105,1.115,0.004,3,13675,13675,OK,0
ref,458752,1.612,1.600,1.614,0.006,3,16032,16032,OK,0
ref,524288,2.177,2.170,2.197,0.011,3,18408,18408,OK,0
ref,589824,2.685,2.652,2.689,0.017,3,20414,20414,OK,0
ref,655360,3.365,3.339,3.378,0.016,3,22558,22558,OK,0
ref,720896,4.215,4.161,4.218,0.026,3,24726,24726,OK,0
ref,786432,4.942,4.892,4.944,0.024,3,26847,26847,OK,0
ref,851968,5.890,5.832,5.895,0.029,3,29012,29012,OK,0
ref,917504,6.908,6.902,6.954,0.023,3,31145,31145,OK,0
ref,983040,8.106,8.077,8.109,0.014,3,33347,33347,OK,0
ref,1048576,9.282,9.196,9.324,0.053,3,35556,35556,OK,0
ref,1114112,10.484,10.412,10.501,0.039,3,37791,37791,OK,0
ref,1179648,11.778,11.743,11.814,0.029,3,39949,39949,OK,0
ref,1245184,13.217,13.200,13.224,0.010,3,42106,42106,OK,0
ref,1310720,14.866,14.631,14.933,0.129,3,44313,44313,OK,0
ref,1376256,16.571,16.404,16.648,0.102,3,46576,46576,OK,0
ref,1441792,18.126,18.103,18.157,0.022,3,48779,48779,OK,0
ref,1507328,19.925,19.892,20.080,0.082,3,51053,51053,OK,0
ref,1572864,21.892,21.838,21.984,0.060,3,53287,53287,OK,0
ref,1638400,23.913,23.832,23.923,0.041,3,55529,55529,OK,0
ref,1703936,25.897,25.736,26.017,0.115,3,57818,57818,OK,0
ref,1769472,28.114,27.940,28.411,0.194,3,60100,60100,OK,0
ref,1835008,30.325,30.066,30.397,0.142,3,62308,62308,OK,0
ref,1900544,32.499,32.491,32.585,0.043,3,64577,64577,OK,0
ref,1966080,35.567,35.212,35.698,0.205,3,66881,66881,OK,0
ref,2031616,38.011,37.808,38.139,0.136,3,69120,69120,OK,0
ref,2097152,40.437,40.436,40.686,0.118,3,71424,71424,OK,0
amd_gpu,65536,0.085,0.083,0.099,0.005,7,2357,2357,OK,0
amd_gpu,131072,0.131,0.127,0.139,0.005,5,4776,4776,OK,0
amd_gpu,196608,0.169,0.165,0.179,0.005,5,6922,6922,OK,0
amd_gpu,262144,0.243,0.235,0.254,0.006,5,9163,9163,OK,0
amd_gpu,327680,0.339,0.311,0.349,0.013,5,11395,11395,OK,0
amd_gpu,393216,0.443,0.440,0.473,0.015,5,13675,13675,OK,0
amd_gpu,458752,0.553,0.520,0.566,0.017,5,16032,16032,OK,0
amd_gpu,524288,0.724,0.697,0.750,0.019,5,18408,18408,OK,0
amd_gpu,589824,0.901,0.866,0.925,0.021,5,20414,20414,OK,0
amd_gpu,655360,1.012,1.006,1.023,0.007,3,22558,22558,OK,0
amd_gpu,720896,1.251,1.239,1.259,0.008,3,24726,24726,OK,0
amd_gpu,786432,1.449,1.436,1.474,0.016,3,26847,26847,OK,0
amd_gpu,851968,1.765,1.713,1.813,0.041,3,29012,29012,OK,0
amd_gpu,917504,1.971,1.930,1.974,0.020,3,31145,31145,OK,0
amd_gpu,983040,2.227,2.126,2.239,0.051,3,33347,33347,OK,0
amd_gpu,1048576,2.457,2.437,2.495,0.024,3,35556,35556,OK,0
amd_gpu,1114112,2.777,2.772,2.853,0.037,3,37791,37791,OK,0
amd_gpu,1179648,3.228,3.133,3.263,0.055,3,39949,39949,OK,0
amd_gpu,1245184,3.534,3.532,3.611,0.037,3,42106,42106,OK,0
amd_gpu,1310720,4.003,3.978,4.183,0.091,3,44313,44313,OK,0
amd_gpu,1376256,4.420,4.371,4.431,0.026,3,46576,46576,OK,0
amd_gpu,1441792,4.878,4.819,4.937,0.048,3,48779,48779,OK,0
amd_gpu,1507328,5.419,5.260,5.484,0.094,3,51053,51053,OK,0
amd_gpu,1572864,5.870,5.869,5.887,0.008,3,53287,53287,OK,0
amd_gpu,1638400,6.556,6.502,6.684,0.076,3,55529,55529,OK,0
amd_gpu,1703936,7.018,6.951,7.055,0.043,3,57818,57818,OK,0
amd_gpu,1769472,7.868,7.867,7.881,0.006,3,60100,60100,OK,0
amd_gpu,1835008,8.214,8.173,8.310,0.057,3,62308,62308,OK,0
amd_gpu,1900544,8.848,8.614,8.866,0.115,3,64577,64577,OK,0
amd_gpu,1966080,9.384,9.341,9.446,0.043,3,66881,66881,OK,0
amd_gpu,2031616,10.233,10.208,10.254,0.019,3,69120,69120,OK,0
amd_gpu,2097152,10.733,10.731,11.208,0.224,3,71424,71424,OK,0
nvidia_gpu,65536,0.226,0.222,0.232,0.004,5,2357,2357,OK,0
nvidia_gpu,131072,0.252,0.244,0.254,0.004,5,4776,4776,OK,0
nvidia_gpu,196608,0.272,0.269,0.283,0.006,5,6922,6922,OK,0
nvidia_gpu,262144,0.335,0.321,0.341,0.007,5,9163,9163,OK,0
nvidia_gpu,327680,0.394,0.387,0.398,0.004,5,11395,11395,OK,0
nvidia_gpu,393216,0.448,0.440,0.452,0.005,5,13675,13675,OK,0
nvidia_gpu,458752,0.492,0.477,0.495,0.007,5,16032,16032,OK,0
nvidia_gpu,524288,0.585,0.581,0.613,0.012,5,18408,18408,OK,0
nvidia_gpu,589824,0.701,0.696,0.706,0.003,5,20414,20414,OK,0
nvidia_gpu,655360,0.742,0.739,0.760,0.009,5,22558,22558,OK,0
nvidia_gpu,720896,0.892,0.873,0.903,0.011,5,24726,24726,OK,0
nvidia_gpu,786432,0.939,0.922,0.958,0.014,5,26847,26847,OK,0
nvidia_gpu,851968,1.084,1.074,1.100,0.011,3,29012,29012,OK,0
nvidia_gpu,917504,1.118,1.113,1.126,0.005,3,31145,31145,OK,0
nvidia_gpu,983040,1.187,1.182,1.192,0.004,3,33347,33347,OK,0
nvidia_gpu,1048576,1.331,1.321,1.334,0.006,3,35556,35556,OK,0
nvidia_gpu,1114112,1.431,1.426,1.457,0.014,3,37791,37791,OK,0
nvidia_gpu,1179648,1.612,1.597,1.619,0.009,3,39949,39949,OK,0
nvidia_gpu,1245184,1.746,1.738,1.788,0.022,3,42106,42106,OK,0
nvidia_gpu,1310720,1.921,1.917,1.950,0.015,3,44313,44313,OK,0
nvidia_gpu,1376256,2.150,2.131,2.160,0.012,3,46576,46576,OK,0
nvidia_gpu,1441792,2.219,2.206,2.222,0.007,3,48779,48779,OK,0
nvidia_gpu,1507328,2.313,2.301,2.398,0.043,3,51053,51053,OK,0
nvidia_gpu,1572864,2.548,2.529,2.554,0.011,3,53287,53287,OK,0
nvidia_gpu,1638400,2.752,2.705,2.786,0.033,3,55529,55529,OK,0
nvidia_gpu,1703936,3.076,3.058,3.082,0.010,3,57818,57818,OK,0
nvidia_gpu,1769472,3.287,3.274,3.287,0.006,3,60100,60100,OK,0
nvidia_gpu,1835008,3.385,3.362,3.434,0.030,3,62308,62308,OK,0
nvidia_gpu,1900544,3.595,3.568,3.611,0.018,3,64577,64577,OK,0
nvidia_gpu,1966080,3.822,3.818,3.861,0.019,3,66881,66881,OK,0
nvidia_gpu,2031616,4.207,4.128,4.218,0.040,3,69120,69120,OK,0
nvidia_gpu,2097152,4.243,4.234,4.279,0.019,3,71424,71424,OK,0
