config,leg,rep,wall_s,solutions,exit_code,search_card_ok,filter_ok,other_card_seen,util_amd_max_pct,util_nv_max_pct,phase_enum_ms,phase_budget_ms,phase_sieve_ms,phase_search_ms,phase_total_ms,search_h2d_ms,search_kernel_ms,search_d2h_ms,search_emit_ms,phase_wheel_expansion_ms,phase_zero_fill_ms,phase_sched_teardown_ms,phase_search_setup_ms,phase_search_teardown_ms,unaccounted_ms,sha256_ok
ref,65536,1,0.019,2357,0,yes,na,no,NA,NA,,,,,,,,,,,,,,,,yes
ref,65536,2,0.019,2357,0,yes,na,no,NA,NA,,,,,,,,,,,,,,,,yes
ref,65536,3,0.019,2357,0,yes,na,no,NA,NA,,,,,,,,,,,,,,,,yes
ref,65536,4,0.019,2357,0,yes,na,no,NA,NA,,,,,,,,,,,,,,,,yes
ref,65536,5,0.019,2357,0,yes,na,no,NA,NA,,,,,,,,,,,,,,,,yes
ref,131072,1,0.087,4776,0,yes,na,no,NA,NA,,,,,,,,,,,,,,,,yes
ref,131072,2,0.089,4776,0,yes,na,no,NA,NA,,,,,,,,,,,,,,,,yes
ref,131072,3,0.088,4776,0,yes,na,no,NA,NA,,,,,,,,,,,,,,,,yes
ref,131072,4,0.086,4776,0,yes,na,no,NA,NA,,,,,,,,,,,,,,,,yes
ref,131072,5,0.088,4776,0,yes,na,no,NA,NA,,,,,,,,,,,,,,,,yes
ref,196608,1,0.200,6922,0,yes,na,no,NA,NA,,,,,,,,,,,,,,,,na
ref,196608,2,0.201,6922,0,yes,na,no,NA,NA,,,,,,,,,,,,,,,,na
ref,196608,3,0.202,6922,0,yes,na,no,NA,NA,,,,,,,,,,,,,,,,na
ref,196608,4,0.202,6922,0,yes,na,no,NA,NA,,,,,,,,,,,,,,,,na
ref,196608,5,0.206,6922,0,yes,na,no,NA,NA,,,,,,,,,,,,,,,,na
ref,262144,1,0.404,9163,0,yes,na,no,NA,NA,,,,,,,,,,,,,,,,yes
ref,262144,2,0.432,9163,0,yes,na,no,NA,NA,,,,,,,,,,,,,,,,yes
ref,262144,3,0.419,9163,0,yes,na,no,NA,NA,,,,,,,,,,,,,,,,yes
ref,262144,4,0.422,9163,0,yes,na,no,NA,NA,,,,,,,,,,,,,,,,yes
ref,262144,5,0.408,9163,0,yes,na,no,NA,NA,,,,,,,,,,,,,,,,yes
ref,327680,1,0.755,11395,0,yes,na,no,NA,NA,,,,,,,,,,,,,,,,na
ref,327680,2,0.726,11395,0,yes,na,no,NA,NA,,,,,,,,,,,,,,,,na
ref,327680,3,0.747,11395,0,yes,na,no,NA,NA,,,,,,,,,,,,,,,,na
ref,327680,4,0.726,11395,0,yes,na,no,NA,NA,,,,,,,,,,,,,,,,na
ref,327680,5,0.710,11395,0,yes,na,no,NA,NA,,,,,,,,,,,,,,,,na
ref,393216,1,1.115,13675,0,yes,na,no,NA,NA,,,,,,,,,,,,,,,,na
ref,393216,2,1.109,13675,0,yes,na,no,NA,NA,,,,,,,,,,,,,,,,na
ref,393216,3,1.105,13675,0,yes,na,no,NA,NA,,,,,,,,,,,,,,,,na
ref,458752,1,1.600,16032,0,yes,na,no,NA,NA,,,,,,,,,,,,,,,,na
ref,458752,2,1.612,16032,0,yes,na,no,NA,NA,,,,,,,,,,,,,,,,na
ref,458752,3,1.614,16032,0,yes,na,no,NA,NA,,,,,,,,,,,,,,,,na
ref,524288,1,2.197,18408,0,yes,na,no,NA,NA,,,,,,,,,,,,,,,,yes
ref,524288,2,2.170,18408,0,yes,na,no,NA,NA,,,,,,,,,,,,,,,,yes
ref,524288,3,2.177,18408,0,yes,na,no,NA,NA,,,,,,,,,,,,,,,,yes
ref,589824,1,2.685,20414,0,yes,na,no,NA,NA,,,,,,,,,,,,,,,,na
ref,589824,2,2.652,20414,0,yes,na,no,NA,NA,,,,,,,,,,,,,,,,na
ref,589824,3,2.689,20414,0,yes,na,no,NA,NA,,,,,,,,,,,,,,,,na
ref,655360,1,3.378,22558,0,yes,na,no,NA,NA,,,,,,,,,,,,,,,,na
ref,655360,2,3.365,22558,0,yes,na,no,NA,NA,,,,,,,,,,,,,,,,na
ref,655360,3,3.339,22558,0,yes,na,no,NA,NA,,,,,,,,,,,,,,,,na
ref,720896,1,4.161,24726,0,yes,na,no,NA,NA,,,,,,,,,,,,,,,,na
ref,720896,2,4.218,24726,0,yes,na,no,NA,NA,,,,,,,,,,,,,,,,na
ref,720896,3,4.215,24726,0,yes,na,no,NA,NA,,,,,,,,,,,,,,,,na
ref,786432,1,4.944,26847,0,yes,na,no,NA,NA,,,,,,,,,,,,,,,,na
ref,786432,2,4.892,26847,0,yes,na,no,NA,NA,,,,,,,,,,,,,,,,na
ref,786432,3,4.942,26847,0,yes,na,no,NA,NA,,,,,,,,,,,,,,,,na
ref,851968,1,5.832,29012,0,yes,na,no,NA,NA,,,,,,,,,,,,,,,,na
ref,851968,2,5.890,29012,0,yes,na,no,NA,NA,,,,,,,,,,,,,,,,na
ref,851968,3,5.895,29012,0,yes,na,no,NA,NA,,,,,,,,,,,,,,,,na
ref,917504,1,6.902,31145,0,yes,na,no,NA,NA,,,,,,,,,,,,,,,,na
ref,917504,2,6.954,31145,0,yes,na,no,NA,NA,,,,,,,,,,,,,,,,na
ref,917504,3,6.908,31145,0,yes,na,no,NA,NA,,,,,,,,,,,,,,,,na
ref,983040,1,8.109,33347,0,yes,na,no,NA,NA,,,,,,,,,,,,,,,,na
ref,983040,2,8.077,33347,0,yes,na,no,NA,NA,,,,,,,,,,,,,,,,na
ref,983040,3,8.106,33347,0,yes,na,no,NA,NA,,,,,,,,,,,,,,,,na
ref,1048576,1,9.324,35556,0,yes,na,no,NA,NA,,,,,,,,,,,,,,,,yes
ref,1048576,2,9.196,35556,0,yes,na,no,NA,NA,,,,,,,,,,,,,,,,yes
ref,1048576,3,9.282,35556,0,yes,na,no,NA,NA,,,,,,,,,,,,,,,,yes
ref,1114112,1,10.501,37791,0,yes,na,no,NA,NA,,,,,,,,,,,,,,,,na
ref,1114112,2,10.412,37791,0,yes,na,no,NA,NA,,,,,,,,,,,,,,,,na
ref,1114112,3,10.484,37791,0,yes,na,no,NA,NA,,,,,,,,,,,,,,,,na
ref,1179648,1,11.778,39949,0,yes,na,no,NA,NA,,,,,,,,,,,,,,,,na
ref,1179648,2,11.814,39949,0,yes,na,no,NA,NA,,,,,,,,,,,,,,,,na
ref,1179648,3,11.743,39949,0,yes,na,no,NA,NA,,,,,,,,,,,,,,,,na
ref,1245184,1,13.224,42106,0,yes,na,no,NA,NA,,,,,,,,,,,,,,,,na
ref,1245184,2,13.200,42106,0,yes,na,no,NA,NA,,,,,,,,,,,,,,,,na
ref,1245184,3,13.217,42106,0,yes,na,no,NA,NA,,,,,,,,,,,,,,,,na
ref,1310720,1,14.933,44313,0,yes,na,no,NA,NA,,,,,,,,,,,,,,,,na
ref,1310720,2,14.631,44313,0,yes,na,no,NA,NA,,,,,,,,,,,,,,,,na
ref,1310720,3,14.866,44313,0,yes,na,no,NA,NA,,,,,,,,,,,,,,,,na
ref,1376256,1,16.571,46576,0,yes,na,no,NA,NA,,,,,,,,,,,,,,,,na
ref,1376256,2,16.404,46576,0,yes,na,no,NA,NA,,,,,,,,,,,,,,,,na
ref,1376256,3,16.648,46576,0,yes,na,no,NA,NA,,,,,,,,,,,,,,,,na
ref,1441792,1,18.103,48779,0,yes,na,no,NA,NA,,,,,,,,,,,,,,,,na
ref,1441792,2,18.157,48779,0,yes,na,no,NA,NA,,,,,,,,,,,,,,,,na
ref,1441792,3,18.126,48779,0,yes,na,no,NA,NA,,,,,,,,,,,,,,,,na
ref,1507328,1,20.080,51053,0,yes,na,no,NA,NA,,,,,,,,,,,,,,,,na
ref,1507328,2,19.925,51053,0,yes,na,no,NA,NA,,,,,,,,,,,,,,,,na
ref,1507328,3,19.892,51053,0,yes,na,no,NA,NA,,,,,,,,,,,,,,,,na
ref,1572864,1,21.838,53287,0,yes,na,no,NA,NA,,,,,,,,,,,,,,,,na
ref,1572864,2,21.892,53287,0,yes,na,no,NA,NA,,,,,,,,,,,,,,,,na
ref,1572864,3,21.984,53287,0,yes,na,no,NA,NA,,,,,,,,,,,,,,,,na
ref,1638400,1,23.913,55529,0,yes,na,no,NA,NA,,,,,,,,,,,,,,,,na
ref,1638400,2,23.923,55529,0,yes,na,no,NA,NA,,,,,,,,,,,,,,,,na
ref,1638400,3,23.832,55529,0,yes,na,no,NA,NA,,,,,,,,,,,,,,,,na
ref,1703936,1,25.736,57818,0,yes,na,no,NA,NA,,,,,,,,,,,,,,,,na
ref,1703936,2,26.017,57818,0,yes,na,no,NA,NA,,,,,,,,,,,,,,,,na
ref,1703936,3,25.897,57818,0,yes,na,no,NA,NA,,,,,,,,,,,,,,,,na
ref,1769472,1,28.411,60100,0,yes,na,no,NA,NA,,,,,,,,,,,,,,,,na
ref,1769472,2,28.114,60100,0,yes,na,no,NA,NA,,,,,,,,,,,,,,,,na
ref,1769472,3,27.940,60100,0,yes,na,no,NA,NA,,,,,,,,,,,,,,,,na
ref,1835008,1,30.397,62308,0,yes,na,no,NA,NA,,,,,,,,,,,,,,,,na
ref,1835008,2,30.066,62308,0,yes,na,no,NA,NA,,,,,,,,,,,,,,,,na
ref,1835008,3,30.325,62308,0,yes,na,no,NA,NA,,,,,,,,,,,,,,,,na
ref,1900544,1,32.585,64577,0,yes,na,no,NA,NA,,,,,,,,,,,,,,,,na
ref,1900544,2,32.491,64577,0,yes,na,no,NA,NA,,,,,,,,,,,,,,,,na
ref,1900544,3,32.499,64577,0,yes,na,no,NA,NA,,,,,,,,,,,,,,,,na
ref,1966080,1,35.212,66881,0,yes,na,no,NA,NA,,,,,,,,,,,,,,,,na
ref,1966080,2,35.567,66881,0,yes,na,no,NA,NA,,,,,,,,,,,,,,,,na
ref,1966080,3,35.698,66881,0,yes,na,no,NA,NA,,,,,,,,,,,,,,,,na
ref,2031616,1,38.139,69120,0,yes,na,no,NA,NA,,,,,,,,,,,,,,,,na
ref,2031616,2,37.808,69120,0,yes,na,no,NA,NA,,,,,,,,,,,,,,,,na
ref,2031616,3,38.011,69120,0,yes,na,no,NA,NA,,,,,,,,,,,,,,,,na
ref,2097152,1,40.686,71424,0,yes,na,no,NA,NA,,,,,,,,,,,,,,,,yes
ref,2097152,2,40.437,71424,0,yes,na,no,NA,NA,,,,,,,,,,,,,,,,yes
ref,2097152,3,40.436,71424,0,yes,na,no,NA,NA,,,,,,,,,,,,,,,,yes
amd_gpu,65536,1,0.099,2357,0,yes,yes,no,60,0,6.903,0.007,32.702,29.554,69.952,0.093,28.666,0.138,0.658,,0.003,0.494,0.098,0.005,,yes
amd_gpu,65536,2,0.086,2357,0,yes,yes,no,49,0,7.281,0.007,19.806,29.664,57.486,0.083,28.804,0.132,0.644,,0.003,0.350,0.182,0.004,,yes
amd_gpu,65536,3,0.085,2357,0,yes,yes,no,44,0,7.525,0.009,19.884,28.608,56.719,0.088,27.763,0.126,0.631,,0.003,0.363,0.149,0.003,,yes
amd_gpu,65536,4,0.085,2357,0,yes,yes,no,46,0,7.148,0.009,20.053,28.028,55.968,0.087,27.146,0.131,0.665,,0.002,0.377,0.125,0.009,,yes
amd_gpu,65536,5,0.085,2357,0,yes,yes,no,52,0,7.080,0.007,19.810,29.561,57.080,0.074,28.722,0.124,0.640,,0.003,0.336,0.102,0.003,,yes
amd_gpu,65536,6,0.083,2357,0,yes,yes,no,100,0,7.245,0.007,20.299,26.944,55.109,0.082,26.108,0.126,0.627,,0.003,0.335,0.115,0.004,,yes
amd_gpu,65536,7,0.084,2357,0,yes,yes,no,35,0,7.210,0.007,20.800,26.856,55.547,0.087,26.010,0.136,0.622,,0.003,0.358,0.129,0.004,,yes
amd_gpu,131072,1,0.127,4776,0,yes,yes,no,55,0,7.220,0.009,27.728,62.726,98.746,0.093,61.216,0.151,1.266,,0.003,0.403,0.157,0.004,,yes
amd_gpu,131072,2,0.139,4776,0,yes,yes,no,59,0,7.386,0.009,39.838,63.969,112.101,0.103,62.411,0.176,1.279,,0.003,0.445,0.119,0.005,,yes
amd_gpu,131072,3,0.136,4776,0,yes,yes,no,60,0,7.094,0.009,27.107,71.536,106.584,0.156,69.959,0.177,1.244,,0.003,0.392,0.141,0.005,,yes
amd_gpu,131072,4,0.131,4776,0,yes,yes,no,61,0,7.179,0.007,27.046,67.821,103.041,0.087,66.338,0.157,1.240,,0.003,0.358,0.104,0.003,,yes
amd_gpu,131072,5,0.128,4776,0,yes,yes,no,60,0,7.266,0.007,26.682,66.251,101.306,0.113,64.706,0.156,1.277,,0.003,0.497,0.105,0.005,,yes
amd_gpu,196608,1,0.166,6922,0,yes,yes,no,61,0,7.674,0.007,36.995,90.785,136.784,0.113,88.605,0.193,1.874,,0.003,0.472,0.332,0.050,,na
amd_gpu,196608,2,0.172,6922,0,yes,yes,no,65,0,7.461,0.007,36.258,97.449,142.802,0.114,95.303,0.216,1.816,,0.002,0.428,0.316,0.049,,na
amd_gpu,196608,3,0.169,6922,0,yes,yes,no,65,0,7.852,0.007,36.961,92.468,138.704,0.125,90.313,0.210,1.820,,0.003,0.516,0.312,0.054,,na
amd_gpu,196608,4,0.179,6922,0,yes,yes,no,67,0,7.254,0.007,49.531,94.203,152.145,0.103,92.109,0.195,1.796,,0.003,0.421,0.209,0.056,,na
amd_gpu,196608,5,0.165,6922,0,yes,yes,no,68,0,7.335,0.007,36.798,91.205,136.718,0.107,89.037,0.199,1.861,,0.003,0.411,0.311,0.226,,na
amd_gpu,262144,1,0.247,9163,0,yes,yes,no,71,0,7.248,0.007,50.429,160.175,219.255,0.108,157.365,0.271,2.431,,0.003,0.487,0.235,0.053,,yes
amd_gpu,262144,2,0.235,9163,0,yes,yes,no,74,0,7.690,0.007,52.683,145.922,207.508,0.109,143.163,0.239,2.411,,0.003,0.455,0.223,0.069,,yes
amd_gpu,262144,3,0.242,9163,0,yes,yes,no,73,0,7.737,0.007,50.890,153.697,213.450,0.092,150.942,0.214,2.449,,0.003,0.434,0.163,0.037,,yes
amd_gpu,262144,4,0.254,9163,0,yes,yes,no,74,0,7.555,0.010,53.035,164.014,225.877,0.108,161.228,0.259,2.420,,0.003,0.470,0.204,0.047,,yes
amd_gpu,262144,5,0.243,9163,0,yes,yes,no,74,0,7.599,0.008,52.578,152.433,213.867,0.111,149.683,0.235,2.405,,0.003,0.456,0.272,0.045,,yes
amd_gpu,327680,1,0.335,11395,0,yes,yes,no,77,0,7.482,0.007,67.893,228.923,306.222,0.119,225.446,0.319,3.040,,0.003,0.612,0.440,0.061,,na
amd_gpu,327680,2,0.341,11395,0,yes,yes,no,38,0,7.572,0.007,67.826,230.766,308.074,0.109,227.355,0.301,3.001,,0.003,0.571,0.395,0.060,,na
amd_gpu,327680,3,0.311,11395,0,yes,yes,no,35,0,7.370,0.008,70.474,202.278,281.916,0.099,198.867,0.290,3.022,,0.003,0.802,0.357,0.062,,na
amd_gpu,327680,4,0.339,11395,0,yes,yes,no,59,0,7.566,0.010,71.133,228.169,308.386,0.102,224.727,0.302,3.039,,0.003,0.562,0.291,0.057,,na
amd_gpu,327680,5,0.349,11395,0,yes,yes,no,34,0,7.412,0.008,70.559,241.761,321.550,0.111,238.316,0.316,3.019,,0.002,0.568,0.411,0.064,,na
amd_gpu,393216,1,0.440,13675,0,yes,yes,no,99,0,7.271,0.007,90.746,312.152,412.222,0.112,308.111,0.311,3.618,,0.003,0.742,0.307,0.057,,na
amd_gpu,393216,2,0.472,13675,0,yes,yes,no,99,0,7.052,0.008,90.919,343.983,443.918,0.098,339.942,0.313,3.629,,0.003,0.675,0.230,0.059,,na
amd_gpu,393216,3,0.443,13675,0,yes,yes,no,99,0,7.815,0.008,92.484,312.127,414.529,0.115,308.063,0.340,3.609,,0.003,0.626,0.307,0.059,,na
amd_gpu,393216,4,0.441,13675,0,yes,yes,no,99,0,7.184,0.007,90.417,308.920,408.241,0.106,304.861,0.317,3.635,,0.003,0.615,0.232,0.058,,na
amd_gpu,393216,5,0.473,13675,0,yes,yes,no,99,0,7.266,0.007,92.238,343.436,445.220,0.110,339.360,0.348,3.618,,0.003,0.843,0.256,0.059,,na
amd_gpu,458752,1,0.565,16032,0,yes,yes,no,99,0,7.168,0.009,117.995,409.965,537.268,0.104,405.262,0.378,4.222,,0.003,0.723,0.315,0.052,,na
amd_gpu,458752,2,0.520,16032,0,yes,yes,no,99,0,7.262,0.007,118.380,364.199,492.455,0.113,359.436,0.389,4.261,,0.003,0.771,0.473,0.059,,na
amd_gpu,458752,3,0.566,16032,0,yes,yes,no,99,0,7.044,0.007,134.871,392.491,537.136,0.111,387.778,0.384,4.217,,0.003,0.739,0.599,0.053,,na
amd_gpu,458752,4,0.553,16032,0,yes,yes,no,99,0,7.472,0.007,118.773,395.831,524.825,0.115,391.025,0.392,4.299,,0.003,0.823,0.476,0.052,,na
amd_gpu,458752,5,0.541,16032,0,yes,yes,no,99,0,7.387,0.010,121.281,382.266,513.524,0.122,377.489,0.392,4.264,,0.003,0.732,0.485,0.053,,na
amd_gpu,524288,1,0.725,18408,0,yes,yes,no,100,0,7.681,0.007,149.422,536.155,696.115,0.108,530.779,0.391,4.877,,0.003,0.821,0.342,0.051,,yes
amd_gpu,524288,2,0.724,18408,0,yes,yes,no,100,0,7.397,0.007,151.530,534.389,696.220,0.103,528.959,0.407,4.920,,0.003,0.853,0.375,0.053,,yes
amd_gpu,524288,3,0.697,18408,0,yes,yes,no,100,0,7.339,0.007,152.191,507.539,669.832,0.116,501.956,0.392,5.075,,0.003,0.784,0.363,0.041,,yes
amd_gpu,524288,4,0.703,18408,0,yes,yes,no,100,0,7.091,0.009,151.673,513.046,675.019,0.120,507.592,0.408,4.927,,0.003,0.841,0.354,0.052,,yes
amd_gpu,524288,5,0.750,18408,0,yes,yes,no,100,0,7.166,0.007,167.592,544.258,721.804,0.117,538.689,0.394,5.058,,0.003,0.810,0.330,0.042,,yes
amd_gpu,589824,1,0.925,20414,0,yes,yes,no,100,0,7.164,0.007,187.946,699.860,898.641,0.118,693.823,0.464,5.456,,0.003,1.001,0.559,0.066,,na
amd_gpu,589824,2,0.866,20414,0,yes,yes,no,100,0,7.167,0.009,188.773,639.786,838.578,0.121,633.583,0.436,5.646,,0.004,0.873,0.528,0.052,,na
amd_gpu,589824,3,0.881,20414,0,yes,yes,no,100,0,7.721,0.011,189.378,650.752,851.776,0.114,644.548,0.456,5.634,,0.003,0.955,0.851,0.053,,na
amd_gpu,589824,4,0.909,20414,0,yes,yes,no,100,0,7.962,0.007,184.825,686.469,882.431,0.108,680.399,0.420,5.542,,0.003,0.704,0.442,0.047,,na
amd_gpu,589824,5,0.901,20414,0,yes,yes,no,100,0,7.217,0.007,187.570,673.155,872.021,0.133,666.991,0.460,5.570,,0.003,0.901,0.869,0.052,,na
amd_gpu,655360,1,1.006,22558,0,yes,yes,no,100,0,7.321,0.007,226.870,739.281,977.197,0.108,732.646,0.481,6.045,,0.003,1.225,0.408,0.062,,na
amd_gpu,655360,2,1.012,22558,0,yes,yes,no,100,0,7.323,0.007,227.816,744.631,984.108,0.116,737.988,0.489,6.037,,0.003,1.351,0.407,0.064,,na
amd_gpu,655360,3,1.023,22558,0,yes,yes,no,100,0,7.413,0.009,230.126,750.490,991.457,0.104,743.895,0.488,6.002,,0.015,1.118,0.333,0.060,,na
amd_gpu,720896,1,1.259,24726,0,yes,yes,no,100,0,7.732,0.007,275.666,941.600,1229.903,0.124,934.293,0.554,6.628,,0.003,1.363,0.639,0.061,,na
amd_gpu,720896,2,1.239,24726,0,yes,yes,no,100,0,7.892,0.007,282.632,914.842,1209.715,0.086,907.567,0.538,6.652,,0.003,1.329,0.480,0.062,,na
amd_gpu,720896,3,1.251,24726,0,yes,yes,no,100,0,7.285,0.007,279.732,932.834,1224.174,0.125,925.222,0.517,6.970,,0.003,1.096,0.596,0.052,,na
amd_gpu,786432,1,1.436,26847,0,yes,yes,no,100,0,7.064,0.007,325.080,1071.602,1408.569,0.113,1063.723,0.568,7.198,,0.003,1.257,0.402,0.057,,na
amd_gpu,786432,2,1.474,26847,0,yes,yes,no,100,0,7.632,0.007,330.650,1102.353,1446.043,0.112,1094.479,0.551,7.210,,0.004,1.317,0.385,0.056,,na
amd_gpu,786432,3,1.449,26847,0,yes,yes,no,100,0,7.724,0.007,323.810,1083.822,1419.378,0.116,1075.789,0.526,7.392,,0.003,1.205,0.466,0.039,,na
amd_gpu,851968,1,1.813,29012,0,yes,yes,no,100,0,7.040,0.009,375.487,1395.055,1782.776,0.108,1386.486,0.640,7.821,,0.004,1.482,0.529,0.063,,na
amd_gpu,851968,2,1.765,29012,0,yes,yes,no,100,0,7.444,0.007,376.498,1349.311,1739.800,0.125,1340.583,0.627,7.976,,0.003,1.268,0.703,0.063,,na
amd_gpu,851968,3,1.713,29012,0,yes,yes,no,100,0,7.555,0.007,382.405,1287.652,1683.271,0.110,1279.127,0.624,7.790,,0.003,1.339,0.514,0.065,,na
amd_gpu,917504,1,1.930,31145,0,yes,yes,no,100,0,7.126,0.007,433.579,1456.280,1902.952,0.149,1447.063,0.680,8.387,,0.003,1.229,0.613,0.064,,na
amd_gpu,917504,2,1.971,31145,0,yes,yes,no,100,0,7.367,0.008,440.802,1484.933,1939.395,0.126,1475.641,0.644,8.522,,0.003,1.363,0.736,0.067,,na
amd_gpu,917504,3,1.974,31145,0,yes,yes,no,100,0,7.372,0.007,451.718,1475.973,1941.323,0.123,1466.817,0.631,8.402,,0.003,1.583,0.580,0.063,,na
amd_gpu,983040,1,2.126,33347,0,yes,yes,no,100,0,7.915,0.007,497.274,1586.525,2098.064,0.128,1576.706,0.697,8.993,,0.003,1.284,0.803,0.067,,na
amd_gpu,983040,2,2.239,33347,0,yes,yes,no,100,0,7.329,0.008,514.230,1684.255,2213.040,0.138,1674.376,0.703,9.038,,0.003,1.398,0.700,0.062,,na
amd_gpu,983040,3,2.227,33347,0,yes,yes,no,100,0,7.240,0.007,500.489,1685.362,2199.195,0.176,1675.559,0.692,8.935,,0.004,1.499,0.692,0.062,,na
amd_gpu,1048576,1,2.437,35556,0,yes,yes,no,100,0,7.456,0.007,569.645,1821.895,2405.966,0.137,1811.354,0.700,9.705,,0.003,1.336,0.635,0.059,,yes
amd_gpu,1048576,2,2.457,35556,0,yes,yes,no,100,0,7.675,0.008,574.651,1836.892,2426.096,0.112,1826.471,0.722,9.588,,0.003,1.325,0.587,0.053,,yes
amd_gpu,1048576,3,2.495,35556,0,yes,yes,no,100,0,7.053,0.007,576.507,1872.965,2463.023,0.119,1862.586,0.721,9.539,,0.003,1.286,0.510,0.049,,yes
amd_gpu,1114112,1,2.777,37791,0,yes,yes,no,100,0,7.427,0.007,647.161,2081.787,2744.451,0.130,2070.548,0.787,10.322,,0.004,1.294,1.136,0.060,,na
amd_gpu,1114112,2,2.772,37791,0,yes,yes,no,100,0,7.443,0.007,653.865,2072.412,2741.394,0.127,2061.346,0.783,10.156,,0.003,1.811,0.752,0.060,,na
amd_gpu,1114112,3,2.853,37791,0,yes,yes,no,100,0,7.552,0.009,640.762,2166.068,2822.540,0.133,2154.947,0.825,10.164,,0.003,1.438,0.813,0.063,,na
amd_gpu,1179648,1,3.228,39949,0,yes,yes,no,100,0,7.271,0.007,723.377,2458.100,3198.271,0.134,2446.290,0.844,10.831,,0.003,1.791,0.700,0.056,,na
amd_gpu,1179648,2,3.133,39949,0,yes,yes,no,100,0,7.343,0.009,728.756,2358.258,3102.738,0.133,2346.354,0.791,10.979,,0.003,1.342,0.687,0.061,,na
amd_gpu,1179648,3,3.263,39949,0,yes,yes,no,100,0,7.617,0.007,731.282,2484.982,3232.750,0.127,2473.049,0.893,10.913,,0.003,1.751,0.664,0.062,,na
amd_gpu,1245184,1,3.532,42106,0,yes,yes,no,100,0,8.478,0.007,812.955,2670.263,3502.238,0.122,2657.834,0.880,11.427,,0.003,2.846,0.887,0.063,,na
amd_gpu,1245184,2,3.534,42106,0,yes,yes,no,100,0,7.338,0.007,826.237,2660.352,3504.321,0.127,2647.820,0.956,11.449,,0.003,2.018,0.936,0.066,,na
amd_gpu,1245184,3,3.611,42106,0,yes,yes,no,100,0,7.543,0.008,822.875,2740.369,3580.592,0.130,2727.912,0.896,11.431,,0.003,1.377,0.923,0.061,,na
amd_gpu,1310720,1,3.978,44313,0,yes,yes,no,100,0,7.796,0.009,906.426,3023.805,3948.980,0.149,3010.596,0.911,12.149,,0.003,1.816,0.837,0.060,,na
amd_gpu,1310720,2,4.183,44313,0,yes,yes,no,100,0,7.145,0.007,913.653,3223.296,4153.601,0.132,3210.210,0.925,12.030,,0.004,1.630,0.730,0.062,,na
amd_gpu,1310720,3,4.003,44313,0,yes,yes,no,100,0,7.054,0.008,919.346,3036.562,3972.576,0.136,3022.365,0.977,13.084,,0.003,1.712,0.958,0.076,,na
amd_gpu,1376256,1,4.431,46576,0,yes,yes,no,100,0,7.180,0.008,1014.565,3367.644,4400.306,0.134,3354.002,0.964,12.544,,0.003,1.498,0.928,0.062,,na
amd_gpu,1376256,2,4.371,46576,0,yes,yes,no,100,0,7.230,0.007,1017.710,3306.271,4341.953,0.126,3292.490,0.975,12.680,,0.004,1.481,0.865,0.066,,na
amd_gpu,1376256,3,4.420,46576,0,yes,yes,no,100,0,7.377,0.009,1015.109,3358.386,4390.904,0.136,3344.686,0.982,12.581,,0.003,1.673,0.988,0.063,,na
amd_gpu,1441792,1,4.819,48779,0,yes,yes,no,100,0,7.219,0.008,1146.699,3623.674,4788.388,0.121,3609.179,0.987,13.387,,0.003,1.798,0.822,0.064,,na
amd_gpu,1441792,2,4.937,48779,0,yes,yes,no,100,0,7.565,0.007,1129.532,3757.025,4905.930,0.140,3742.611,0.991,13.283,,0.003,1.761,0.826,0.064,,na
amd_gpu,1441792,3,4.878,48779,0,yes,yes,no,100,0,7.319,0.007,1127.486,3702.291,4848.572,0.121,3687.692,1.063,13.414,,0.003,2.212,0.866,0.064,,na
amd_gpu,1507328,1,5.260,51053,0,yes,yes,no,100,0,7.368,0.007,1265.018,3943.051,5228.510,0.128,3927.934,1.118,13.871,,0.004,1.524,0.871,0.058,,na
amd_gpu,1507328,2,5.484,51053,0,yes,yes,no,100,0,7.499,0.007,1246.931,4186.698,5452.239,0.132,4171.548,1.063,13.954,,0.004,1.796,0.858,0.062,,na
amd_gpu,1507328,3,5.419,51053,0,yes,yes,no,100,0,7.390,0.007,1248.138,4122.302,5390.199,0.138,4107.354,1.098,13.712,,0.003,2.212,0.815,0.060,,na
amd_gpu,1572864,1,5.887,53287,0,yes,yes,no,100,0,7.575,0.007,1369.091,4467.822,5856.067,0.143,4452.176,1.061,14.442,,0.003,1.409,0.884,0.065,,na
amd_gpu,1572864,2,5.870,53287,0,yes,yes,no,100,0,7.345,0.009,1385.276,4434.701,5839.234,0.141,4418.868,1.098,14.594,,0.003,1.427,0.936,0.062,,na
amd_gpu,1572864,3,5.869,53287,0,yes,yes,no,100,0,8.022,0.007,1375.461,4442.637,5838.331,0.131,4426.834,1.086,14.586,,0.003,1.963,0.810,0.059,,na
amd_gpu,1638400,1,6.556,55529,0,yes,yes,no,100,0,6.776,0.007,1507.915,5000.304,6527.436,0.140,4984.042,1.137,14.985,,0.003,1.631,0.869,0.055,,na
amd_gpu,1638400,2,6.502,55529,0,yes,yes,no,100,0,7.399,0.007,1506.172,4942.818,6469.679,0.143,4926.518,1.137,15.020,,0.003,1.693,1.110,0.066,,na
amd_gpu,1638400,3,6.684,55529,0,yes,yes,no,100,0,7.354,0.007,1512.711,5118.105,6651.738,0.138,5101.205,1.169,15.593,,0.003,3.014,1.038,0.050,,na
amd_gpu,1703936,1,7.055,57818,0,yes,yes,no,100,0,7.435,0.006,1642.891,5360.620,7024.627,0.132,5343.556,1.188,15.744,,0.003,1.520,0.871,0.055,,na
amd_gpu,1703936,2,7.018,57818,0,yes,yes,no,100,0,7.436,0.008,1655.856,5309.021,6987.011,0.143,5291.806,1.152,15.921,,0.004,1.617,0.932,0.063,,na
amd_gpu,1703936,3,6.951,57818,0,yes,yes,no,100,0,7.300,0.007,1654.159,5245.273,6922.689,0.145,5227.751,1.153,16.224,,0.003,2.029,1.007,0.067,,na
amd_gpu,1769472,1,7.867,60100,0,yes,yes,no,100,0,7.422,0.007,1809.682,6003.333,7835.055,0.156,5985.464,1.256,16.457,,0.004,1.725,1.174,0.064,,na
amd_gpu,1769472,2,7.868,60100,0,yes,yes,no,100,0,7.191,0.009,1804.049,6008.563,7833.893,0.155,5990.868,1.221,16.318,,0.003,1.510,1.081,0.064,,na
amd_gpu,1769472,3,7.881,60100,0,yes,yes,no,100,0,7.190,0.007,1801.422,6028.937,7851.696,0.148,6011.223,1.218,16.347,,0.003,1.770,1.150,0.063,,na
amd_gpu,1835008,1,8.173,62308,0,yes,yes,no,100,0,7.346,0.007,1956.736,6162.771,8141.820,0.154,6144.499,1.275,16.843,,0.003,1.872,0.833,0.054,,na
amd_gpu,1835008,2,8.214,62308,0,yes,yes,no,100,0,7.205,0.007,1963.520,6195.088,8181.541,0.144,6176.682,1.227,17.035,,0.003,1.575,0.990,0.067,,na
amd_gpu,1835008,3,8.310,62308,0,yes,yes,no,100,0,7.255,0.007,1957.632,6294.930,8275.848,0.155,6275.836,1.574,17.366,,0.003,2.132,0.962,0.068,,na
amd_gpu,1900544,1,8.848,64577,0,yes,yes,no,100,0,7.420,0.007,2132.046,6659.927,8815.176,0.138,6640.651,1.283,17.854,,0.003,1.811,1.035,0.057,,na
amd_gpu,1900544,2,8.866,64577,0,yes,yes,no,100,0,7.266,0.011,2119.526,6687.351,8831.333,0.151,6668.258,1.285,17.658,,0.003,1.946,1.105,0.060,,na
amd_gpu,1900544,3,8.614,64577,0,yes,yes,no,100,0,7.522,0.007,2128.903,6428.639,8581.000,0.156,6409.499,1.283,17.701,,0.003,1.714,1.122,0.060,,na
amd_gpu,1966080,1,9.341,66881,0,yes,yes,no,100,0,7.352,0.009,2296.783,6990.273,9312.029,0.139,6970.515,1.326,18.294,,0.003,1.632,1.339,0.067,,na
amd_gpu,1966080,2,9.446,66881,0,yes,yes,no,100,0,7.483,0.008,2311.555,7075.323,9411.949,0.139,7055.663,1.347,18.175,,0.004,1.570,0.969,0.066,,na
amd_gpu,1966080,3,9.384,66881,0,yes,yes,no,100,0,7.584,0.008,2316.343,7012.649,9353.836,0.149,6992.890,1.300,18.310,,0.003,1.531,1.127,0.062,,na
amd_gpu,2031616,1,10.254,69120,0,yes,yes,no,100,0,7.348,0.008,2497.656,7698.647,10222.410,0.137,7678.209,1.412,18.889,,0.003,1.841,1.249,0.059,,na
amd_gpu,2031616,2,10.233,69120,0,yes,yes,no,100,0,7.600,0.007,2483.420,7691.822,10200.652,0.166,7670.450,1.724,19.483,,0.004,1.844,1.251,0.056,,na
amd_gpu,2031616,3,10.208,69120,0,yes,yes,no,100,0,7.104,0.006,2479.843,7670.978,10175.589,0.137,7650.141,1.343,19.356,,0.003,1.311,1.246,0.053,,na
amd_gpu,2097152,1,10.733,71424,0,yes,yes,no,100,0,7.478,0.007,2701.294,7977.763,10704.961,0.143,7956.503,1.682,19.435,,0.003,1.311,1.250,0.062,,yes
amd_gpu,2097152,2,11.208,71424,0,yes,yes,no,100,0,7.692,0.007,2699.727,8453.442,11179.690,0.143,8432.502,1.372,19.425,,0.003,1.970,0.966,0.059,,yes
amd_gpu,2097152,3,10.731,71424,0,yes,yes,no,100,0,8.193,0.007,2679.755,7991.647,10699.205,0.161,7970.533,1.376,19.578,,0.003,1.659,1.132,0.069,,yes
nvidia_gpu,65536,1,0.226,2357,0,yes,yes,no,28,0,122.787,0.007,2.987,14.966,143.627,0.033,14.209,0.095,0.629,,0.003,2.645,0.114,0.007,,yes
nvidia_gpu,65536,2,0.232,2357,0,yes,yes,no,0,0,122.739,0.007,2.837,15.270,143.950,0.037,14.482,0.100,0.652,,0.002,2.835,0.144,0.007,,yes
nvidia_gpu,65536,3,0.222,2357,0,yes,yes,no,0,1,123.307,0.007,2.987,15.077,144.242,0.027,14.336,0.091,0.623,,0.002,2.635,0.106,0.007,,yes
nvidia_gpu,65536,4,0.224,2357,0,yes,yes,no,0,1,122.541,0.006,3.028,15.006,143.510,0.031,14.239,0.098,0.637,,0.004,2.676,0.113,0.008,,yes
nvidia_gpu,65536,5,0.229,2357,0,yes,yes,no,0,1,122.783,0.009,3.116,15.100,143.899,0.030,14.350,0.094,0.627,,0.002,2.648,0.118,0.008,,yes
nvidia_gpu,131072,1,0.244,4776,0,yes,yes,no,0,1,125.352,0.007,8.296,28.950,167.063,0.055,27.508,0.132,1.255,,0.004,3.553,0.505,0.249,,yes
nvidia_gpu,131072,2,0.252,4776,0,yes,yes,no,0,1,122.750,0.006,8.209,29.151,164.400,0.033,27.720,0.128,1.270,,0.006,3.550,0.345,0.256,,yes
nvidia_gpu,131072,3,0.253,4776,0,yes,yes,no,0,21,123.575,0.007,8.311,29.369,165.502,0.035,27.889,0.136,1.310,,0.002,3.549,0.300,0.262,,yes
nvidia_gpu,131072,4,0.251,4776,0,yes,yes,no,0,34,124.250,0.007,8.596,29.469,166.783,0.044,28.016,0.129,1.280,,0.003,3.549,0.502,0.254,,yes
nvidia_gpu,131072,5,0.254,4776,0,yes,yes,no,0,34,122.449,0.009,8.271,28.932,163.907,0.031,27.503,0.133,1.265,,0.004,3.553,0.309,0.253,,yes
nvidia_gpu,196608,1,0.282,6922,0,yes,yes,no,0,20,123.745,0.009,16.573,47.262,194.157,0.036,45.197,0.185,1.844,,0.004,5.446,0.274,0.261,,na
nvidia_gpu,196608,2,0.283,6922,0,yes,yes,no,0,1,124.082,0.007,17.176,47.676,195.204,0.057,45.568,0.185,1.865,,0.003,5.116,0.616,0.263,,na
nvidia_gpu,196608,3,0.272,6922,0,yes,yes,no,0,1,123.063,0.010,16.292,47.046,192.782,0.058,44.914,0.184,1.890,,0.004,5.167,0.659,0.267,,na
nvidia_gpu,196608,4,0.269,6922,0,yes,yes,no,0,33,122.665,0.008,16.498,46.212,191.397,0.034,44.139,0.181,1.859,,0.002,5.077,0.466,0.263,,na
nvidia_gpu,196608,5,0.271,6922,0,yes,yes,no,0,27,123.137,0.007,16.285,47.153,192.614,0.038,45.098,0.167,1.849,,0.003,5.090,0.463,0.258,,na
nvidia_gpu,262144,1,0.321,9163,0,yes,yes,no,0,0,114.598,0.007,30.549,78.765,231.876,0.034,76.049,0.218,2.464,,0.004,7.285,0.176,0.276,,yes
nvidia_gpu,262144,2,0.335,9163,0,yes,yes,no,0,88,112.440,0.010,29.676,79.534,229.537,0.061,76.681,0.224,2.568,,0.004,7.100,0.271,0.283,,yes
nvidia_gpu,262144,3,0.341,9163,0,yes,yes,no,0,88,113.008,0.011,28.517,77.944,228.239,0.048,75.208,0.223,2.465,,0.004,8.002,0.236,0.274,,yes
nvidia_gpu,262144,4,0.338,9163,0,yes,yes,no,0,1,112.207,0.007,30.520,79.421,229.973,0.056,76.698,0.221,2.445,,0.004,7.048,0.238,0.274,,yes
nvidia_gpu,262144,5,0.335,9163,0,yes,yes,no,0,30,113.917,0.007,28.876,78.756,230.103,0.067,75.944,0.249,2.496,,0.004,7.688,0.309,0.279,,yes
nvidia_gpu,327680,1,0.387,11395,0,yes,yes,no,0,17,119.746,0.007,43.194,106.031,281.011,0.058,102.492,0.251,3.230,,0.004,10.542,0.774,0.304,,na
nvidia_gpu,327680,2,0.391,11395,0,yes,yes,no,0,97,113.360,0.007,46.246,105.705,278.613,0.043,102.264,0.302,3.096,,0.004,11.321,0.683,0.711,,na
nvidia_gpu,327680,3,0.394,11395,0,yes,yes,no,0,97,113.620,0.007,45.844,107.065,279.239,0.054,103.618,0.309,3.084,,0.004,11.197,0.360,0.762,,na
nvidia_gpu,327680,4,0.397,11395,0,yes,yes,no,0,21,111.081,0.007,44.051,104.955,272.779,0.078,101.489,0.290,3.098,,0.003,11.421,0.529,0.294,,na
nvidia_gpu,327680,5,0.398,11395,0,yes,yes,no,0,21,113.252,0.009,43.609,107.648,278.809,0.048,104.219,0.314,3.068,,0.004,12.737,0.799,0.337,,na
nvidia_gpu,393216,1,0.440,13675,0,yes,yes,no,0,2,113.302,0.006,60.869,173.085,362.673,0.065,168.955,0.334,3.732,,0.003,14.368,0.342,0.296,,na
nvidia_gpu,393216,2,0.448,13675,0,yes,yes,no,0,15,111.719,0.007,66.491,174.719,368.628,0.058,170.544,0.334,3.783,,0.004,14.439,0.358,0.298,,na
nvidia_gpu,393216,3,0.452,13675,0,yes,yes,no,0,40,115.041,0.007,61.920,175.064,367.365,0.055,170.927,0.321,3.761,,0.004,14.299,0.331,0.294,,na
nvidia_gpu,393216,4,0.450,13675,0,yes,yes,no,0,64,115.866,0.006,61.012,175.400,367.191,0.051,171.135,0.313,3.901,,0.004,13.765,0.300,0.291,,na
nvidia_gpu,393216,5,0.442,13675,0,yes,yes,no,0,92,113.015,0.007,65.228,169.675,364.648,0.059,165.586,0.331,3.700,,0.002,15.366,0.323,0.337,,na
nvidia_gpu,458752,1,0.492,16032,0,yes,yes,no,0,89,118.401,0.008,86.176,178.483,403.916,0.044,173.627,0.381,4.431,,0.010,18.795,0.740,0.309,,na
nvidia_gpu,458752,2,0.494,16032,0,yes,yes,no,0,91,114.811,0.009,87.417,188.632,412.133,0.068,183.610,0.372,4.581,,0.003,19.522,0.844,0.347,,na
nvidia_gpu,458752,3,0.477,16032,0,yes,yes,no,0,89,115.239,0.013,85.688,182.836,404.461,0.051,177.912,0.364,4.509,,0.004,18.644,0.880,0.308,,na
nvidia_gpu,458752,4,0.490,16032,0,yes,yes,no,0,83,114.237,0.007,88.136,184.710,408.419,0.057,179.716,0.377,4.560,,0.004,19.406,0.843,0.311,,na
nvidia_gpu,458752,5,0.495,16032,0,yes,yes,no,0,83,113.813,0.007,86.605,189.117,410.531,0.069,184.154,0.375,4.518,,0.003,19.117,0.686,0.299,,na
nvidia_gpu,524288,1,0.586,18408,0,yes,yes,no,0,32,111.901,0.010,116.418,249.758,504.465,0.082,244.133,0.423,5.120,,0.004,24.915,0.485,0.344,,yes
nvidia_gpu,524288,2,0.582,18408,0,yes,yes,no,0,2,114.547,0.007,109.209,252.639,501.577,0.060,246.899,0.386,5.294,,0.005,23.585,0.356,0.312,,yes
nvidia_gpu,524288,3,0.585,18408,0,yes,yes,no,0,59,113.089,0.008,114.091,257.706,510.460,0.070,252.186,0.403,5.047,,0.003,23.973,0.477,0.311,,yes
nvidia_gpu,524288,4,0.581,18408,0,yes,yes,no,0,100,111.643,0.007,112.032,253.799,503.214,0.058,248.156,0.401,5.185,,0.003,24.187,0.385,0.312,,yes
nvidia_gpu,524288,5,0.613,18408,0,yes,yes,no,0,90,112.435,0.006,114.961,250.749,505.087,0.056,245.082,0.407,5.205,,0.003,25.450,0.401,0.308,,yes
nvidia_gpu,589824,1,0.702,20414,0,yes,yes,no,0,100,113.780,0.007,139.260,323.255,609.548,0.051,317.017,0.443,5.744,,0.004,30.589,0.878,0.328,,na
nvidia_gpu,589824,2,0.696,20414,0,yes,yes,no,0,91,114.697,0.006,140.613,315.052,603.279,0.061,308.948,0.469,5.575,,0.004,30.908,0.750,0.322,,na
nvidia_gpu,589824,3,0.706,20414,0,yes,yes,no,0,100,112.075,0.006,139.998,313.347,600.957,0.056,307.145,0.420,5.727,,0.003,33.174,0.929,0.336,,na
nvidia_gpu,589824,4,0.701,20414,0,yes,yes,no,0,100,114.478,0.007,141.351,309.860,600.407,0.062,303.732,0.422,5.645,,0.003,32.557,1.022,0.316,,na
nvidia_gpu,589824,5,0.698,20414,0,yes,yes,no,0,100,112.239,0.011,142.921,320.421,608.707,0.057,314.279,0.455,5.631,,0.004,30.783,0.733,0.329,,na
nvidia_gpu,655360,1,0.741,22558,0,yes,yes,no,0,100,112.567,0.008,176.585,337.739,665.310,0.059,330.876,0.504,6.299,,0.004,36.524,0.492,0.319,,na
nvidia_gpu,655360,2,0.759,22558,0,yes,yes,no,0,100,114.225,0.007,180.973,336.261,670.635,0.060,329.136,0.497,6.568,,0.004,37.544,0.492,0.319,,na
nvidia_gpu,655360,3,0.760,22558,0,yes,yes,no,0,100,112.640,0.007,181.227,333.915,667.606,0.067,327.086,0.488,6.274,,0.004,37.816,0.531,0.323,,na
nvidia_gpu,655360,4,0.742,22558,0,yes,yes,no,0,100,114.433,0.006,173.686,330.606,658.304,0.059,323.712,0.509,6.325,,0.006,37.845,0.479,0.319,,na
nvidia_gpu,655360,5,0.739,22558,0,yes,yes,no,0,99,114.554,0.006,174.021,334.388,661.718,0.057,327.711,0.464,6.157,,0.003,36.857,0.498,0.418,,na
nvidia_gpu,720896,1,0.901,24726,0,yes,yes,no,0,100,115.565,0.007,216.515,420.732,799.847,0.056,413.216,0.560,6.899,,0.003,45.075,0.664,0.111,,na
nvidia_gpu,720896,2,0.903,24726,0,yes,yes,no,0,100,111.374,0.006,214.742,415.348,788.635,0.056,407.944,0.556,6.792,,0.003,44.743,0.994,0.108,,na
nvidia_gpu,720896,3,0.892,24726,0,yes,yes,no,0,74,111.359,0.006,217.552,414.627,790.880,0.054,407.164,0.529,6.880,,0.005,44.972,0.915,0.107,,na
nvidia_gpu,720896,4,0.873,24726,0,yes,yes,no,0,100,112.170,0.009,212.288,410.871,782.664,0.054,403.214,0.559,7.044,,0.004,45.532,0.580,0.110,,na
nvidia_gpu,720896,5,0.889,24726,0,yes,yes,no,0,100,114.957,0.009,210.921,423.465,796.709,0.060,416.031,0.546,6.829,,0.007,45.119,0.829,0.111,,na
nvidia_gpu,786432,1,0.958,26847,0,yes,yes,no,0,100,117.178,0.009,231.257,435.012,829.586,0.058,426.962,0.582,7.410,,0.005,44.213,0.529,0.115,,na
nvidia_gpu,786432,2,0.947,26847,0,yes,yes,no,0,100,114.304,0.007,233.812,438.715,832.875,0.057,430.482,0.590,7.586,,0.004,44.034,0.591,0.110,,na
nvidia_gpu,786432,3,0.939,26847,0,yes,yes,no,0,100,113.169,0.007,232.044,434.190,824.710,0.063,425.991,0.595,7.541,,0.003,43.438,0.518,0.104,,na
nvidia_gpu,786432,4,0.922,26847,0,yes,yes,no,0,100,113.121,0.007,233.836,436.704,828.985,0.060,428.292,0.592,7.760,,0.003,43.392,0.522,0.107,,na
nvidia_gpu,786432,5,0.922,26847,0,yes,yes,no,0,75,113.331,0.008,235.941,430.432,826.209,0.061,422.262,0.600,7.508,,0.003,44.436,0.605,0.108,,na
nvidia_gpu,851968,1,1.074,29012,0,yes,yes,no,0,100,114.115,0.007,251.824,578.959,991.501,0.063,570.048,0.621,8.228,,0.004,44.392,0.684,0.138,,na
nvidia_gpu,851968,2,1.100,29012,0,yes,yes,no,0,100,111.802,0.006,253.110,599.734,1010.988,0.061,591.034,0.598,8.040,,0.003,43.789,0.997,0.123,,na
nvidia_gpu,851968,3,1.084,29012,0,yes,yes,no,0,100,113.966,0.007,254.625,578.004,992.935,0.073,569.316,0.630,7.985,,0.004,43.859,0.822,0.107,,na
nvidia_gpu,917504,1,1.113,31145,0,yes,yes,no,0,100,112.197,0.011,282.472,584.146,1026.275,0.075,574.654,0.669,8.749,,0.004,44.791,0.705,0.329,,na
nvidia_gpu,917504,2,1.118,31145,0,yes,yes,no,0,100,112.633,0.006,286.581,594.674,1041.127,0.063,585.268,0.685,8.657,,0.004,44.335,0.702,0.415,,na
nvidia_gpu,917504,3,1.126,31145,0,yes,yes,no,0,100,113.735,0.007,286.130,592.849,1040.238,0.063,583.543,0.669,8.575,,0.004,44.919,0.581,0.334,,na
nvidia_gpu,983040,1,1.187,33347,0,yes,yes,no,0,100,114.520,0.007,308.291,616.074,1086.515,0.075,606.044,0.701,9.254,,0.004,43.975,1.249,0.329,,na
nvidia_gpu,983040,2,1.182,33347,0,yes,yes,no,0,100,114.391,0.007,309.449,617.143,1089.101,0.082,606.981,0.728,9.352,,0.003,45.115,0.782,0.335,,na
nvidia_gpu,983040,3,1.192,33347,0,yes,yes,no,0,100,115.220,0.010,306.295,628.171,1099.074,0.068,617.766,0.701,9.636,,0.003,45.692,1.009,0.519,,na
nvidia_gpu,1048576,1,1.334,35556,0,yes,yes,no,0,100,114.404,0.007,338.342,752.536,1253.033,0.063,741.871,0.741,9.861,,0.004,44.440,0.822,0.337,,yes
nvidia_gpu,1048576,2,1.331,35556,0,yes,yes,no,0,100,113.896,0.007,345.622,736.453,1245.288,0.065,725.561,0.770,10.057,,0.003,46.066,0.732,0.334,,yes
nvidia_gpu,1048576,3,1.321,35556,0,yes,yes,no,0,100,113.497,0.007,344.228,732.883,1240.777,0.063,722.186,0.756,9.879,,0.003,47.038,0.740,0.334,,yes
nvidia_gpu,1114112,1,1.457,37791,0,yes,yes,no,0,100,113.899,0.006,374.817,820.317,1357.610,0.070,808.887,0.814,10.546,,0.005,44.408,1.118,0.348,,na
nvidia_gpu,1114112,2,1.431,37791,0,yes,yes,no,0,100,113.723,0.007,367.522,825.852,1354.871,0.063,814.050,0.756,10.984,,0.003,43.881,1.144,0.335,,na
nvidia_gpu,1114112,3,1.426,37791,0,yes,yes,no,0,100,113.571,0.007,374.366,817.334,1353.359,0.067,805.956,0.818,10.494,,0.004,44.398,1.109,0.353,,na
nvidia_gpu,1179648,1,1.597,39949,0,yes,yes,no,0,100,112.264,0.009,412.596,946.909,1523.158,0.067,934.809,0.855,11.177,,0.003,46.903,0.974,0.949,,na
nvidia_gpu,1179648,2,1.612,39949,0,yes,yes,no,0,100,114.185,0.009,408.730,965.947,1538.509,0.066,953.762,0.844,11.274,,0.004,45.338,0.875,0.922,,na
nvidia_gpu,1179648,3,1.619,39949,0,yes,yes,no,0,100,114.161,0.007,407.472,976.304,1546.283,0.067,964.235,0.827,11.175,,0.004,44.073,0.750,0.946,,na
nvidia_gpu,1245184,1,1.738,42106,0,yes,yes,no,0,100,114.413,0.007,440.436,1036.088,1640.368,0.065,1023.402,0.865,11.756,,0.003,44.303,1.252,1.019,,na
nvidia_gpu,1245184,2,1.788,42106,0,yes,yes,no,0,100,113.532,0.007,448.517,1057.960,1671.697,0.069,1045.136,0.909,11.846,,0.004,46.380,1.312,1.005,,na
nvidia_gpu,1245184,3,1.746,42106,0,yes,yes,no,0,100,116.288,0.007,449.528,1030.612,1645.750,0.066,1017.755,0.906,11.885,,0.004,44.131,1.385,1.022,,na
nvidia_gpu,1310720,1,1.950,44313,0,yes,yes,no,0,100,115.673,0.007,483.027,1225.347,1873.438,0.069,1211.801,0.911,12.565,,0.004,44.408,0.782,1.151,,na
nvidia_gpu,1310720,2,1.921,44313,0,yes,yes,no,0,100,111.316,0.007,489.607,1181.709,1835.302,0.072,1168.246,0.888,12.503,,0.004,47.328,0.986,1.094,,na
nvidia_gpu,1310720,3,1.917,44313,0,yes,yes,no,0,100,112.931,0.006,483.426,1173.572,1819.482,0.068,1160.393,0.919,12.193,,0.004,44.278,0.859,1.172,,na
nvidia_gpu,1376256,1,2.160,46576,0,yes,yes,no,0,100,116.228,0.007,531.927,1376.021,2076.809,0.070,1361.803,0.973,13.176,,0.003,47.005,0.952,1.165,,na
nvidia_gpu,1376256,2,2.131,46576,0,yes,yes,no,0,100,115.747,0.007,532.916,1334.549,2034.798,0.073,1320.302,0.994,13.180,,0.003,45.670,1.083,1.166,,na
nvidia_gpu,1376256,3,2.150,46576,0,yes,yes,no,0,100,113.656,0.006,532.245,1376.393,2074.632,0.068,1362.287,0.994,13.044,,0.004,46.560,1.095,1.164,,na
nvidia_gpu,1441792,1,2.206,48779,0,yes,yes,no,0,100,113.508,0.006,569.026,1398.021,2131.253,0.074,1383.064,0.997,13.886,,0.004,44.914,0.966,1.230,,na
nvidia_gpu,1441792,2,2.222,48779,0,yes,yes,no,0,100,114.280,0.007,578.349,1399.417,2144.479,0.067,1384.626,1.056,13.667,,0.003,46.230,1.232,1.255,,na
nvidia_gpu,1441792,3,2.219,48779,0,yes,yes,no,0,100,114.577,0.007,576.889,1400.225,2141.703,0.065,1385.610,1.025,13.525,,0.004,44.120,0.882,1.274,,na
nvidia_gpu,1507328,1,2.301,51053,0,yes,yes,no,0,100,114.990,0.006,623.695,1425.540,2215.955,0.069,1410.070,1.070,14.330,,0.004,45.282,1.088,1.337,,na
nvidia_gpu,1507328,2,2.398,51053,0,yes,yes,no,0,100,115.461,0.006,616.445,1490.425,2273.755,0.072,1474.819,1.013,14.521,,0.003,44.433,1.365,1.330,,na
nvidia_gpu,1507328,3,2.313,51053,0,yes,yes,no,0,100,113.963,0.010,625.259,1427.922,2219.129,0.073,1412.677,1.043,14.130,,0.004,45.040,1.440,1.353,,na
nvidia_gpu,1572864,1,2.554,53287,0,yes,yes,no,0,100,113.506,0.009,659.155,1636.601,2461.044,0.072,1620.741,1.016,14.771,,0.005,44.389,1.152,1.402,,na
nvidia_gpu,1572864,2,2.548,53287,0,yes,yes,no,0,100,113.121,0.007,674.227,1629.827,2469.371,0.070,1613.703,1.076,14.978,,0.003,45.549,1.006,1.434,,na
nvidia_gpu,1572864,3,2.529,53287,0,yes,yes,no,0,100,114.147,0.008,677.980,1594.617,2442.302,0.071,1578.264,1.058,15.224,,0.003,47.873,1.019,1.445,,na
nvidia_gpu,1638400,1,2.705,55529,0,yes,yes,no,0,100,116.574,0.006,718.148,1730.394,2619.392,0.074,1713.520,1.138,15.662,,0.004,46.617,1.335,1.503,,na
nvidia_gpu,1638400,2,2.752,55529,0,yes,yes,no,0,100,111.485,0.009,729.209,1778.710,2673.155,0.072,1761.960,1.133,15.545,,0.003,45.889,1.483,1.497,,na
nvidia_gpu,1638400,3,2.786,55529,0,yes,yes,no,0,100,114.267,0.006,724.999,1815.382,2707.582,0.099,1798.616,1.161,15.506,,0.003,44.866,1.452,1.525,,na
nvidia_gpu,1703936,1,3.076,57818,0,yes,yes,no,0,100,115.552,0.006,787.042,2037.224,2994.704,0.073,2019.435,1.201,16.517,,0.003,46.948,1.145,1.608,,na
nvidia_gpu,1703936,2,3.058,57818,0,yes,yes,no,0,100,115.353,0.007,780.570,2026.331,2974.826,0.074,2008.320,1.190,16.747,,0.005,44.770,1.131,1.589,,na
nvidia_gpu,1703936,3,3.082,57818,0,yes,yes,no,0,100,115.494,0.006,778.508,2055.258,3002.972,0.076,2037.891,1.166,16.125,,0.004,45.729,1.131,1.606,,na
nvidia_gpu,1769472,1,3.274,60100,0,yes,yes,no,0,100,113.531,0.006,830.031,2179.944,3180.212,0.076,2161.933,1.141,16.794,,0.004,47.932,1.207,1.724,,na
nvidia_gpu,1769472,2,3.287,60100,0,yes,yes,no,0,100,114.231,0.006,836.783,2204.596,3212.999,0.079,2185.920,1.252,17.344,,0.004,48.629,1.307,1.702,,na
nvidia_gpu,1769472,3,3.287,60100,0,yes,yes,no,0,100,112.851,0.009,842.416,2191.264,3203.402,0.070,2173.235,1.246,16.713,,0.003,48.362,1.160,1.718,,na
nvidia_gpu,1835008,1,3.385,62308,0,yes,yes,no,0,100,115.578,0.006,905.796,2226.566,3302.591,0.073,2207.879,1.289,17.324,,0.007,45.883,1.095,1.822,,na
nvidia_gpu,1835008,2,3.434,62308,0,yes,yes,no,0,100,115.169,0.007,904.655,2253.613,3327.516,0.074,2234.774,1.284,17.481,,0.004,45.228,1.111,1.827,,na
nvidia_gpu,1835008,3,3.362,62308,0,yes,yes,no,0,100,112.430,0.006,904.805,2214.678,3287.794,0.076,2195.894,1.260,17.449,,0.003,46.698,1.277,1.812,,na
nvidia_gpu,1900544,1,3.595,64577,0,yes,yes,no,0,100,112.725,0.007,972.416,2366.163,3508.950,0.074,2346.849,1.340,17.900,,0.004,46.918,1.573,1.905,,na
nvidia_gpu,1900544,2,3.611,64577,0,yes,yes,no,0,100,114.193,0.006,975.778,2390.903,3536.320,0.075,2371.512,1.339,17.976,,0.004,45.434,1.641,1.928,,na
nvidia_gpu,1900544,3,3.568,64577,0,yes,yes,no,0,100,114.520,0.006,974.390,2340.765,3490.117,0.074,2320.719,1.345,18.627,,0.004,50.040,1.620,1.930,,na
nvidia_gpu,1966080,1,3.818,66881,0,yes,yes,no,0,100,113.200,0.006,1042.461,2505.849,3719.196,0.076,2484.494,1.316,19.963,,0.004,47.580,1.282,2.033,,na
nvidia_gpu,1966080,2,3.822,66881,0,yes,yes,no,0,100,113.196,0.006,1043.055,2482.889,3696.471,0.106,2462.899,1.380,18.505,,0.004,47.390,1.036,2.040,,na
nvidia_gpu,1966080,3,3.861,66881,0,yes,yes,no,0,100,113.541,0.006,1042.748,2571.989,3785.730,0.078,2551.644,1.384,18.884,,0.004,47.091,1.252,2.035,,na
nvidia_gpu,2031616,1,4.128,69120,0,yes,yes,no,0,100,114.133,0.006,1103.745,2774.902,4050.183,0.089,2753.750,1.426,19.637,,0.003,46.710,1.281,2.115,,na
nvidia_gpu,2031616,2,4.207,69120,0,yes,yes,no,0,100,112.554,0.007,1100.913,2861.347,4132.398,0.085,2840.607,1.324,19.332,,0.004,46.730,1.469,2.113,,na
nvidia_gpu,2031616,3,4.218,69120,0,yes,yes,no,0,100,114.201,0.011,1111.738,2856.047,4139.566,0.078,2834.461,1.428,20.080,,0.004,46.094,1.730,2.120,,na
nvidia_gpu,2097152,1,4.279,71424,0,yes,yes,no,0,100,115.520,0.009,1186.966,2826.988,4188.126,0.079,2805.504,1.462,19.942,,0.004,47.345,1.392,2.255,,yes
nvidia_gpu,2097152,2,4.234,71424,0,yes,yes,no,0,100,112.585,0.007,1162.645,2826.728,4159.198,0.076,2805.301,1.334,20.017,,0.003,45.959,1.255,2.262,,yes
nvidia_gpu,2097152,3,4.243,71424,0,yes,yes,no,0,100,111.991,0.007,1179.788,2814.962,4166.618,0.088,2793.629,1.462,19.783,,0.006,47.721,1.337,2.258,,yes
